factor,value,strategy,total_procurement_cost,avg_weekly_cost,weekly_cost_volatility,cvar,hedge_error,mean_reward,avg_adjustment_mwh,total_trans_cost,max_drawdown,settlement_records
综合风险权重,0.4,hpso_sensitivity_risk,4277566375.8989143,1425855458.6329715,339540034.92730385,1857689038.289155,3828.9460043776926,-0.5367226043702384,3352.518407718066,418861212.51335186,2885773445.1460476,1824
综合风险权重,0.55,hpso_sensitivity_risk,4024050838.6618385,1341350279.5539463,237568921.00905856,1603985949.8790307,2881.0236915114797,-0.5033538377861094,2371.0798926875555,212763127.97046593,2632564910.2896013,1824
综合风险权重,0.7,hpso_sensitivity_risk,3702746322.0446544,1234248774.0148847,152259132.1892623,1393084654.7594562,1805.792656238517,-0.4594555752532168,1264.0700173667535,58767713.21147277,2309661667.285198,1824
市场波动率强度,0.8,hpso_sensitivity_market_vol,4170517728.231308,1390172576.0771027,292472382.15003353,1745695377.446766,3341.007831702734,-0.5216712533351778,2823.9252714622817,302012668.6398914,2775041551.376515,1824
市场波动率强度,1.0,hpso_sensitivity_market_vol,4170577448.459815,1390192482.8199384,292498918.96513194,1745695377.5475345,3342.4198595471917,-0.5216746740924063,2825.4942306347352,302014566.01823854,2774978843.4798326,1824
市场波动率强度,1.2,hpso_sensitivity_market_vol,4170663603.1963935,1390221201.0654645,292443265.50328946,1745695377.658793,3341.4149283266447,-0.5216861530049349,2822.5880407441596,302009430.3749545,2775113443.2238245,1824
价格限值倍数,0.9,hpso_sensitivity_price_cap,3753519703.613834,1251173234.5379446,263249027.06861886,1571125839.7927814,3342.4198595471917,-0.48251261782423077,2825.4942306347352,302014566.01823854,2497480959.13185,1824
价格限值倍数,1.0,hpso_sensitivity_price_cap,4170577448.459815,1390192482.8199384,292498918.96513194,1745695377.5475345,3342.4198595471917,-0.5216746740924063,2825.4942306347352,302014566.01823854,2774978843.4798326,1824
价格限值倍数,1.1,hpso_sensitivity_price_cap,4587635193.305798,1529211731.1019325,321748810.86164516,1920264915.3022883,3342.4198595471917,-0.558541670045125,2825.4942306347352,302014566.01823854,3052476727.8278165,1824
