strategy_name,week_count,total_procurement_cost,total_profit,mean_profit,weekly_profit_volatility,cvar99,max_drawdown,positive_week_count,negative_week_count,min_week_profit,max_week_profit,profit_delta_vs_dynamic_lock_only
dynamic_lock_only,7,8981034368.0,1022129162.0,146018451.7142857,54329309.75759526,3777383.8214285714,0.0,7,0,75050531.5,264505625.5,0.0
fixed_holding_60,7,9053710464.0,949453066.0,135636152.2857143,53267460.5913334,3739479.3928571427,0.0,7,0,58657827.5,247071769.5,-72676096.0
static_no_spot_adjustment,7,8909562112.0,1093601418.0,156228774.0,56458469.7613989,3815782.964285714,0.0,7,0,91443107.5,281363161.5,71472256.0
simple_rolling_hedge,7,8937260928.0,1063903672.99375,151986238.99910715,56418228.66134101,3794524.5714285714,0.0,7,0,83788856.925,277624029.9375,41774510.993749976
