strategy,total_procurement_cost,avg_weekly_cost,weekly_cost_volatility,cvar,hedge_error,mean_reward,avg_adjustment_mwh,total_trans_cost,max_drawdown,settlement_records,cost_savings_vs_fixed_lock,cost_savings_vs_rule_only,cost_gap_vs_dynamic_lock_only
ppo,3657918967.889,1219306322.6296666,177147893.63626435,1460676707.6805258,1077.9235775211002,-0.1432996548970526,1077.9235775211002,12806583.205842394,2197242260.208474,1824,76400132.35548878,54465203.75770855,-76400132.35548878
rule_only,3712384171.6467085,1237461390.5489028,141943532.26284024,1438113394.5913448,2812.8634906725606,-0.19086797097786215,2812.8634906725606,86974868.37429833,2274270777.0553637,1824,21934928.597780228,0.0,-21934928.597780228
fixed_lock,3734319100.2444887,1244773033.4148295,181704820.92617688,1487289134.6982782,19.471632621332336,-0.22025067763702033,19.471632621332336,681717.2298092693,2247029965.5462103,1824,0.0,-21934928.597780228,0.0
dynamic_lock_only,3734319100.2444887,1244773033.4148295,181704820.92617688,1487289134.6982782,19.471632621332336,-0.22025067763702033,19.471632621332336,681717.2298092693,2247029965.5462103,1824,0.0,-21934928.597780228,0.0
