factor,value,strategy,total_procurement_cost,avg_weekly_cost,weekly_cost_volatility,cvar,hedge_error,mean_reward,avg_adjustment_mwh,total_trans_cost,max_drawdown,settlement_records
尾部风险惩罚系数,0.4,ppo_sensitivity_beta_tail_risk,3657918967.889,1219306322.6296666,177147893.63626435,1460676707.6805258,1077.9235775211002,-0.1432996548970526,1077.9235775211002,12806583.205842394,2197242260.208474,1824
尾部风险惩罚系数,0.55,ppo_sensitivity_beta_tail_risk,3657918967.889,1219306322.6296666,177147893.63626435,1460676707.6805258,1077.9235775211002,-0.1432996548970526,1077.9235775211002,12806583.205842394,2197242260.208474,1824
尾部风险惩罚系数,0.7,ppo_sensitivity_beta_tail_risk,3657918967.889,1219306322.6296666,177147893.63626435,1460676707.6805258,1077.9235775211002,-0.1432996548970526,1077.9235775211002,12806583.205842394,2197242260.208474,1824
市场波动率强度,0.8,ppo_sensitivity_market_vol,3655807876.845922,1218602625.6153073,177235101.60391665,1459923136.9894404,1072.294219660834,-0.1402236798417702,1072.294219660834,12672770.395569643,2195884739.8564816,1824
市场波动率强度,1.0,ppo_sensitivity_market_vol,3657918967.889,1219306322.6296666,177147893.63626435,1460676707.6805258,1077.9235775211002,-0.1432996548970526,1077.9235775211002,12806583.205842394,2197242260.208474,1824
市场波动率强度,1.2,ppo_sensitivity_market_vol,3660410942.1977215,1220136980.7325737,177368396.67426997,1461949972.962968,1079.5896998380429,-0.14692261063814163,1079.5896998380429,12881304.3553537,2198460969.2347536,1824
价格限值倍数,0.9,ppo_sensitivity_price_cap,3292127071.1001,1097375690.3667,159433104.272638,1314609036.9124732,1077.9235775211002,0.3858661418545828,1077.9235775211002,12806583.205842394,1977518034.1876268,1824
价格限值倍数,1.0,ppo_sensitivity_price_cap,3657918967.889,1219306322.6296666,177147893.63626435,1460676707.6805258,1077.9235775211002,-0.1432996548970526,1077.9235775211002,12806583.205842394,2197242260.208474,1824
价格限值倍数,1.1,ppo_sensitivity_price_cap,4023710864.6779003,1341236954.8926334,194862682.99989098,1606744378.4485788,1077.9235775211002,-0.5987310580786976,1077.9235775211002,12806583.205842394,2416966486.2293215,1824
