strategy,total_procurement_cost,cvar
rule_only,3712384171.6467085,1438113394.5913448
fixed_lock,3737794173.0801005,1488543328.279734
dynamic_lock_only,3737794173.0801005,1488543328.279734
hpso,4170577448.459815,1745695377.5475345
