strategy,total_procurement_cost,cvar
rule_only,3720074721.589506,1445295586.0060682
dynamic_lock_only,3749689439.231416,1490177344.5597897
fixed_lock,3751694142.1036205,1490177344.5597897
ppo,3759597170.731242,1496763878.6316762
