strategy,total_procurement_cost,cvar
fixed_lock,3646874266.6205025,1474880790.7909892
dynamic_lock_only,3648622059.340592,1474880790.7909892
rule_only,3694681208.279399,1439176964.4985485
ppo,3742751049.8217344,1438696377.613625
