月份,dynamic_lock_only,fixed_lock,ppo,rule_only
2026-03-01,228.5880078125,228.5880078125,228.5880078125,1086.56559851894
