月份,dynamic_lock_only,fixed_lock,ppo,rule_only
2026-03-01,4024264506.393982,4022879473.3077908,4031736315.638957,4659092735.104519
