market_vol_scale,累计采购成本
0.8,4031736315.638957
1.0,4031736315.638957
1.2,4031736315.638957
