strategy,total_procurement_cost,avg_weekly_cost,weekly_cost_volatility,cvar,hedge_error,mean_reward,avg_adjustment_mwh,total_trans_cost,max_drawdown,settlement_records,cost_savings_vs_fixed_lock,cost_savings_vs_rule_only,cost_gap_vs_dynamic_lock_only
rule_only,3712384171.6467085,1237461390.5489028,141943532.26284024,1438113394.5913448,2812.8634906725606,-0.18699923654435643,2812.8634906725606,86974868.37429833,2274270777.0553637,1824,25410001.433392048,0.0,-25410001.433392048
fixed_lock,3737794173.0801005,1245931391.0267003,181870180.4480335,1488543328.279734,0.0,-0.22092139147762666,0.0,667776.078,2249250844.8003664,1824,0.0,-25410001.433392048,0.0
dynamic_lock_only,3737794173.0801005,1245931391.0267003,181870180.4480335,1488543328.279734,0.0,-0.22092139147762666,0.0,667776.078,2249250844.8003664,1824,0.0,-25410001.433392048,0.0
hpso,4170577448.459815,1390192482.8199384,292498918.96513194,1745695377.5475345,3342.4198595471917,-0.5216746740924063,2825.4942306347352,302014566.01823854,2774978843.4798326,1824,-432783275.3797145,-458193276.81310654,432783275.3797145
