阶段,cumulative_procurement_cost,cost_volatility,cvar95,hedge_error,avg_adjustment_mwh,max_drawdown,mean_reward,strategy,cost_savings_vs_fixed_lock
验证集,5795511288.789504,0.0,4131545.2949161595,312.46914763621794,0.0,0.0,-5795.759785668743,ppo_validation,
回测集_PPO,4031736315.638957,0.0,3852182.794973835,228.5880078125,0.0,0.0,-4031.960370988254,ppo,
回测基准比较,4022879473.3077908,0.0,3262592.785842716,228.5880078125,0.0,0.0,-4023.0650321316307,fixed_lock,0.0
回测基准比较,4024264506.393982,0.0,3349026.4860917903,228.5880078125,0.0,0.0,-4024.455728198872,dynamic_lock_only,-1385033.0861911774
回测基准比较,4031736315.638957,0.0,3852182.794973835,228.5880078125,0.0,0.0,-4031.960370988254,ppo,-8856842.331166267
回测基准比较,4659092735.104519,0.0,4691821.916435019,1086.56559851894,1225.4650831815181,0.0,-4664.162348958021,rule_only,-636213261.7967281
