阶段,strategy,total_procurement_cost,avg_weekly_cost,weekly_cost_volatility,cvar,hedge_error,mean_reward,avg_adjustment_mwh,total_trans_cost,max_drawdown,settlement_records,cost_savings_vs_fixed_lock,cost_savings_vs_rule_only
验证集,ppo_validation,3461120899.2876163,865280224.8219041,453802184.31523466,1454666318.0209508,2324.994356821388,-0.6363160130695931,-1018.1766004846818,55492969.93938468,2913114270.3214655,2688,,
回测集_PPO,ppo,3742751049.8217344,1247583683.2739115,140501281.59562448,1438696377.613625,1164.7417116184542,-0.516275897645955,-452.1255799743203,14705086.019661378,2304054672.2081094,1824,,
回测基准比较,fixed_lock,3646874266.6205025,1215624755.5401676,186558398.5085333,1474880790.7909892,0.0,-0.05286675068807308,0.0,1158608.0325,2171993475.8295135,1824,0.0,47806941.658896446
回测基准比较,dynamic_lock_only,3648622059.340592,1216207353.1135306,186022299.2671168,1474880790.7909892,0.0,-0.06450567451122792,0.0,1066318.3316654284,2173741268.5496025,1824,-1747792.7200894356,46059148.93880701
回测基准比较,rule_only,3694681208.279399,1231560402.7597997,147374240.49050826,1439176964.4985485,2185.469887656667,-0.6374295113519283,-1468.2921733709534,54953772.45337713,2255504243.7808504,1824,-47806941.658896446,0.0
回测基准比较,ppo,3742751049.8217344,1247583683.2739115,140501281.59562448,1438696377.613625,1164.7417116184542,-0.516275897645955,-452.1255799743203,14705086.019661378,2304054672.2081094,1824,-95876783.20123196,-48069841.54233551
