阶段,strategy,total_procurement_cost,avg_weekly_cost,weekly_cost_volatility,cvar,hedge_error,mean_reward,avg_adjustment_mwh,total_trans_cost,max_drawdown,settlement_records,cost_savings_vs_fixed_lock,cost_savings_vs_rule_only
验证集,ppo_validation,3474314887.8234253,868578721.9558563,455758988.4698477,1448234011.6870856,1897.5594574574916,-0.29792890077052175,1897.5594574574916,29643530.7449145,2926323795.188204,2688,,
回测集_PPO,ppo,3726229197.9687996,1242076399.3229332,142303374.9619127,1439629413.7275963,1379.8279458569534,-0.37691590151545856,1379.8279458569534,19393395.26180114,2286599784.2412033,1824,,
回测基准比较,fixed_lock,3644552199.3487573,1214850733.1162524,186477274.8953716,1474044048.3510544,12.989149562665338,-0.1509977355975671,12.989149562665338,1167172.6849487678,2170508150.9977026,1824,0.0,54423597.18273258
回测基准比较,dynamic_lock_only,3646299992.068846,1215433330.6896155,185941818.8382289,1474044048.3510544,12.989149562665327,-0.15028943554875937,12.989149562665327,1074882.9841141962,2172255943.7177916,1824,-1747792.7200889587,52675804.46264362
回测基准比较,rule_only,3698975796.53149,1232991932.1771634,149914786.67091438,1442818321.5815687,1717.9910161000892,-0.3270776995969571,1717.9910161000892,32848320.140179507,2256157474.949921,1824,-54423597.18273258,0.0
回测基准比较,ppo,3726229197.9687996,1242076399.3229332,142303374.9619127,1439629413.7275963,1379.8279458569534,-0.37691590151545856,1379.8279458569534,19393395.26180114,2286599784.2412033,1824,-81676998.62004232,-27253401.437309742
