{
  "main_strategy": {
    "cumulative_procurement_cost": 4031736315.638957,
    "cost_volatility": 0.0,
    "cvar95": 3852182.794973835,
    "hedge_error": 228.5880078125,
    "avg_adjustment_mwh": 0.0,
    "max_drawdown": 0.0,
    "mean_reward": -4031.960370988254,
    "strategy": "ppo"
  },
  "benchmarks": [
    {
      "cumulative_procurement_cost": 4022879473.3077908,
      "cost_volatility": 0.0,
      "cvar95": 3262592.785842716,
      "hedge_error": 228.5880078125,
      "avg_adjustment_mwh": 0.0,
      "max_drawdown": 0.0,
      "mean_reward": -4023.0650321316307,
      "strategy": "fixed_lock",
      "cost_savings_vs_fixed_lock": 0.0
    },
    {
      "cumulative_procurement_cost": 4024264506.393982,
      "cost_volatility": 0.0,
      "cvar95": 3349026.4860917903,
      "hedge_error": 228.5880078125,
      "avg_adjustment_mwh": 0.0,
      "max_drawdown": 0.0,
      "mean_reward": -4024.455728198872,
      "strategy": "dynamic_lock_only",
      "cost_savings_vs_fixed_lock": -1385033.0861911774
    },
    {
      "cumulative_procurement_cost": 4031736315.638957,
      "cost_volatility": 0.0,
      "cvar95": 3852182.794973835,
      "hedge_error": 228.5880078125,
      "avg_adjustment_mwh": 0.0,
      "max_drawdown": 0.0,
      "mean_reward": -4031.960370988254,
      "strategy": "ppo",
      "cost_savings_vs_fixed_lock": -8856842.331166267
    },
    {
      "cumulative_procurement_cost": 4659092735.104519,
      "cost_volatility": 0.0,
      "cvar95": 4691821.916435019,
      "hedge_error": 1086.56559851894,
      "avg_adjustment_mwh": 1225.4650831815181,
      "max_drawdown": 0.0,
      "mean_reward": -4664.162348958021,
      "strategy": "rule_only",
      "cost_savings_vs_fixed_lock": -636213261.7967281
    }
  ]
}