timesteps,mean_reward,std_reward
256,-5795.807945,0.0
512,-5795.806517,0.0
768,-5795.807945,0.0
1024,-5795.807945,0.0
1280,-5795.807945,0.0
1536,-5795.807945,0.0
1792,-5795.806382,0.0
2048,-5795.805107,0.0
2304,-5795.797851,0.0
2560,-5795.788777,0.0
2816,-5795.783066,0.0
3072,-5795.774638,0.0
3328,-5795.765176,0.0
3584,-5795.75656,0.0
3840,-5795.755116,0.0
4096,-5795.750211,0.0
