timesteps,mean_reward,std_reward
256,-5795.807945,0.0
512,-5795.80622,0.0
768,-5795.807945,0.0
1024,-5795.807458,0.0
1280,-5795.803501,0.0
1536,-5795.803822,0.0
1792,-5795.794079,0.0
2048,-5795.800872,0.0
2304,-5795.803835,0.0
2560,-5795.794633,0.0
2816,-5795.791284,0.0
3072,-5795.78551,0.0
3328,-5795.778449,0.0
3584,-5795.775228,0.0
3840,-5795.767065,0.0
4096,-5795.758628,0.0
