timesteps,ep_rew_mean,ep_len_mean,loss,value_loss,policy_gradient_loss,entropy_loss
128.0,,,,,,
256.0,,,,,,
384.0,,,4174027776.0,8613725862.4,-6.052288226783275e-05,-2.838068091869354
512.0,,,,,,
640.0,,,3956286976.0,8440403776.0,-9.908550418913365e-06,-2.838135141134262
768.0,,,,,,
896.0,,,4083942400.0,8417711910.4,-0.0003109349869191647,-2.8381038427352907
1024.0,,,,,,
