timesteps,ep_rew_mean,ep_len_mean,loss,value_loss,policy_gradient_loss,entropy_loss
128.0,,,,,,
256.0,,,,,,
384.0,,,34066.38671875,70612.84453125,-0.005785967782139778,-2.8167564868927
512.0,,,,,,
640.0,,,34125.73828125,73167.25009765624,-0.008569738827645779,-2.821063905954361
768.0,,,,,,
896.0,,,40261.40234375,72531.91142578125,-0.004178750980645418,-2.8106918334960938
1024.0,,,,,,
