timesteps,ep_rew_mean,ep_len_mean,loss,value_loss,policy_gradient_loss,entropy_loss
128.0,,,,,,
256.0,,,,,,
384.0,,,33992.734375,70490.4716796875,-0.006352049205452204,-2.813046228885651
512.0,,,,,,
640.0,,,34054.5390625,73040.4150390625,-0.009978611359838397,-2.821462595462799
768.0,,,,,,
896.0,,,40134.46484375,72319.55107421875,-0.00502327955327928,-2.811349231004715
1024.0,,,,,,
