timesteps,ep_rew_mean,ep_len_mean,loss,value_loss,policy_gradient_loss,entropy_loss
128.0,,,,,,
256.0,,,,,,
384.0,,,0.7069258689880371,2.4445660412311554,-0.03909989222884178,-2.835657721757889
512.0,,,,,,
640.0,,,2.0174708366394043,7.160409849882126,-0.022664994606748222,-2.832289534807205
768.0,,,,,,
896.0,,,1.3410717248916626,2.4188701927661898,-0.02182429740205407,-2.8461473882198334
1024.0,,,,,,
