timesteps,mean_reward,std_reward
256,-5795.807945,0.0
512,-5795.80622,0.0
768,-5795.807945,0.0
1024,-5795.807458,0.0
