timesteps,ep_rew_mean,ep_len_mean,loss,value_loss,policy_gradient_loss,entropy_loss
128.0,,,,,,
256.0,,,,,,
384.0,,,4174105088.0,8613846924.8,-7.17023853212595e-05,-2.8381523907184603
512.0,,,,,,
640.0,,,3956557824.0,8441043161.6,-1.1614244431257249e-05,-2.838278579711914
768.0,,,,,,
896.0,,,4083870208.0,8417601433.6,-0.00037014116533100604,-2.8382859587669373
1024.0,,,,,,
