timesteps,mean_reward,std_reward
256,-1.840056,0.0
512,-2.307012,0.0
768,-2.214613,0.0
1024,-1.906765,0.0
