timesteps,ep_rew_mean,ep_len_mean,loss,value_loss,policy_gradient_loss,entropy_loss
128.0,,,,,,
256.0,,,,,,
384.0,,,1.10794997215271,3.6915440917015077,-0.029715279187075793,-2.834593766927719
512.0,,,,,,
640.0,,,2.542210102081299,8.228555583953858,-0.019995146058499814,-2.8330768823623655
768.0,,,,,,
896.0,,,1.4309945106506348,2.4631964176893235,-0.017577321059070526,-2.8402202665805816
1024.0,,,,,,
