timesteps,ep_rew_mean,ep_len_mean,loss,value_loss,policy_gradient_loss,entropy_loss
128.0,,,,,,
256.0,,,,,,
384.0,,,4348156416.0,8909991411.2,-0.0001395472325384617,-2.837682569026947
512.0,,,,,,
640.0,,,3901987584.0,8463010060.8,-0.00021988917142152787,-2.8377629995346068
768.0,,,,,,
896.0,,,4117378816.0,8515584064.0,-0.00011922623962163925,-2.837261301279068
1024.0,,,,,,
