timesteps,ep_rew_mean,ep_len_mean,loss,value_loss,policy_gradient_loss,entropy_loss
128.0,,,,,,
256.0,,,,,,
384.0,,,4347600896.0,8908885708.8,-8.327499963343144e-05,-2.8377867102622987
512.0,,,,,,
640.0,,,3901128704.0,8461234688.0,-0.00013716989196836947,-2.8378759145736696
768.0,,,,,,
896.0,,,4116001280.0,8512692108.8,-7.311645895242691e-05,-2.8375980138778685
1024.0,,,,,,
