timesteps,mean_reward,std_reward
256,-1.268415,0.0
512,-1.368878,0.0
768,-1.58586,0.0
1024,-1.47761,0.0
