timesteps,mean_reward,std_reward
256,-1.788052,0.0
512,-2.166097,0.0
768,-2.02563,0.0
1024,-1.7671309999999998,2.220446049250313e-16
