timesteps,mean_reward,std_reward
256,-5795.851586,0.0
512,-5795.851586,0.0
768,-5795.851586,0.0
1024,-5795.851586,0.0
