timesteps,ep_rew_mean,ep_len_mean,loss,value_loss,policy_gradient_loss,entropy_loss
128.0,,,,,,
256.0,,,,,,
384.0,,,4174160384.0,8614019763.2,-3.200797364115715e-05,-2.8380203664302828
512.0,,,,,,
640.0,,,3955940608.0,8439602572.8,-6.122491322457791e-06,-2.838096076250076
768.0,,,,,,
896.0,,,4084406784.0,8418659366.4,-0.00019222614355385303,-2.8381124138832092
1024.0,,,,,,
