timesteps,mean_reward,std_reward
256,-1.694247,0.0
512,-2.840545,0.0
768,-2.142449,0.0
1024,-2.207042,0.0
