timesteps,ep_rew_mean,ep_len_mean,loss,value_loss,policy_gradient_loss,entropy_loss
128.0,,,,,,
256.0,,,,,,
384.0,,,34588.7890625,71397.7078125,-0.0015572238247841597,-2.8327444314956667
512.0,,,,,,
640.0,,,34548.140625,73983.2013671875,-0.0020926652243360875,-2.8352028846740724
768.0,,,,,,
896.0,,,40859.15625,73634.9927734375,-0.0016530546126887202,-2.8329310774803163
1024.0,,,,,,
