timesteps,mean_reward,std_reward
256,-1.411841,0.0
512,-1.346096,0.0
768,-1.683222,0.0
1024,-1.648086,0.0
