trial_id,learning_rate,n_steps,batch_size,ent_coef,lambda_risk,lambda_he,hedge_intensity_scale,val_cumulative_procurement_cost,val_cvar95,val_mean_reward
1,0.0003,256,64,0.01,0.08,120.0,1.0,5795558925.268428,4138826.2860419233,-5795.807945387655
2,0.0001,128,32,0.02,0.1,150.0,0.9,5795558925.268428,4138826.2860419233,-5795.870200417462
3,0.00040958241942238536,128,32,0.015971960993801305,0.1086878335929106,149.7368029059364,0.8376709391550599,5795558925.268428,4138826.2860419233,-5795.8930892235185
4,0.0004902489406547024,128,32,0.024028492549758824,0.1028851444221563,92.81136326755458,0.9801543751582269,5795558925.268428,4138826.2860419233,-5795.85995919256
5,0.0002483192096930325,128,32,0.028169124721215043,0.09150920960645316,162.276161327083,0.9773656795309325,5795558925.268428,4138826.2860419233,-5795.851586283732
