timesteps,ep_rew_mean,ep_len_mean,loss,value_loss,policy_gradient_loss,entropy_loss
128.0,,,,,,
256.0,,,,,,
384.0,,,4174277376.0,8614197401.6,-1.4310702681541443e-05,-2.837929403781891
512.0,,,,,,
640.0,,,3955526912.0,8438627609.6,-2.618064172565937e-06,-2.837950277328491
768.0,,,,,,
896.0,,,4084626176.0,8419080243.2,-7.955236360430717e-05,-2.8379465639591217
1024.0,,,,,,
