timesteps,ep_rew_mean,ep_len_mean,loss,value_loss,policy_gradient_loss,entropy_loss
128.0,,,,,,
256.0,,,,,,
384.0,,,4347196416.0,8907999526.4,-3.301575779914856e-05,-2.8378346860408783
512.0,,,,,,
640.0,,,3900367872.0,8459637747.2,-5.3449021652340886e-05,-2.837861204147339
768.0,,,,,,
896.0,,,4114765824.0,8510142656.0,-3.161365166306496e-05,-2.8377393186092377
1024.0,,,,,,
