timesteps,ep_rew_mean,ep_len_mean,loss,value_loss,policy_gradient_loss,entropy_loss
128.0,,,,,,
256.0,,,,,,
384.0,,,9.936299324035645,31.423562669754027,-0.019786274526268244,-2.8190275132656097
512.0,,,,,,
640.0,,,5.789752006530762,14.16655592918396,-0.023551802919246256,-2.832531142234802
768.0,,,,,,
896.0,,,16.53721046447754,32.097449922561644,-0.029240080248564483,-2.814029985666275
1024.0,,,,,,
