timesteps,ep_rew_mean,ep_len_mean,loss,value_loss,policy_gradient_loss,entropy_loss
128.0,,,,,,
256.0,,,,,,
384.0,,,4348298240.0,8910251532.8,-0.00016540288925170898,-2.8376893639564513
512.0,,,,,,
640.0,,,3902276352.0,8463592448.0,-0.00025977867189794777,-2.83783016204834
768.0,,,,,,
896.0,,,4117911040.0,8516707929.6,-0.00014122980646789074,-2.837276816368103
1024.0,,,,,,
