timesteps,mean_reward,std_reward
256,-5795.893089,0.0
512,-5795.893089,0.0
768,-5795.891089,0.0
1024,-5793.795679,0.0
