trial_id,learning_rate,n_steps,batch_size,ent_coef,lambda_risk,lambda_he,hedge_intensity_scale,val_total_procurement_cost,val_cvar,val_mean_reward
3,0.00040958241942238536,128,32,0.015971960993801305,0.09151587519468295,121.84208174356183,0.8282532043662949,3265146706.2308006,1306100371.2370446,-0.28609657701012364
2,0.0001,128,32,0.02,0.1,120.0,0.85,3274114659.705271,1309349903.6532438,-0.2052221501512273
4,0.0004902489406547024,128,32,0.024028492549758824,0.08716385831661723,87.68681796053275,0.9351157813686702,3324079817.4571137,1341313882.2230043,-0.3556636675290068
1,0.0003,128,32,0.01,0.06,100.0,1.0,3415642377.21245,1380132819.749991,-0.48832171152483234
