timesteps,mean_reward,std_reward
256,-5795.893089,0.0
512,-5795.199051,0.0
768,-5795.893089,0.0
1024,-5795.893089,0.0
