timesteps,ep_rew_mean,ep_len_mean,loss,value_loss,policy_gradient_loss,entropy_loss
128.0,,,,,,
256.0,,,,,,
384.0,,,21.377899169921875,47.677209281921385,-0.004980541625991463,-2.834456431865692
512.0,,,,,,
640.0,,,15.270288467407227,31.365600490570067,-0.00625143744982779,-2.8417522430419924
768.0,,,,,,
896.0,,,26.808734893798828,49.60640897750854,-0.005712091596797109,-2.8401504814624787
1024.0,,,,,,
