trial_id,learning_rate,n_steps,batch_size,ent_coef,lambda_risk,lambda_he,hedge_intensity_scale,val_cumulative_procurement_cost,val_cvar95,val_mean_reward
4,0.0004902489406547024,128,32,0.024028492549758824,0.1028851444221563,92.81136326755458,0.9801543751582269,5793243598.798002,4134181.5626874673,-5793.57528958615
3,0.00040958241942238536,128,32,0.015971960993801305,0.1086878335929106,149.7368029059364,0.8376709391550599,5794294994.034304,4135307.721171416,-5794.6455229154735
5,0.0002483192096930325,128,32,0.028169124721215043,0.09150920960645316,162.276161327083,0.9773656795309325,5795549813.624525,4137433.5000956184,-5795.842360131107
1,0.0003,256,64,0.01,0.08,120.0,1.0,5795554529.401812,4138154.3434913047,-5795.803501223844
2,0.0001,128,32,0.02,0.1,150.0,0.9,5795554533.146469,4138154.915891335,-5795.865747975437
