timesteps,mean_reward,std_reward
256,-1.197748,0.0
512,-1.165333,0.0
768,-1.344746,0.0
1024,-1.444284,0.0
