timesteps,mean_reward,std_reward
256,-1.830848,0.0
512,-2.425764,0.0
768,-2.181401,0.0
1024,-2.017354,0.0
