timesteps,mean_reward,std_reward
256,-5795.859959,0.0
512,-5795.859959,0.0
768,-5795.858564,0.0
1024,-5792.801695,0.0
