timesteps,ep_rew_mean,ep_len_mean,loss,value_loss,policy_gradient_loss,entropy_loss
128.0,,,,,,
256.0,,,,,,
384.0,,,34200.69921875,70816.04208984374,-0.004227764112874866,-2.821416884660721
512.0,,,,,,
640.0,,,34213.72265625,73346.5693359375,-0.006795209809206426,-2.823192286491394
768.0,,,,,,
896.0,,,40436.96875,72831.96494140624,-0.0031493542017415168,-2.8144782543182374
1024.0,,,,,,
