timesteps,mean_reward,std_reward
256,-5795.8702,0.0
512,-5795.8702,0.0
768,-5795.869782,0.0
1024,-5795.86346,0.0
