timesteps,mean_reward,std_reward
256,-1.36731,0.0
512,-1.40813,0.0
768,-1.668421,0.0
1024,-1.654367,0.0
