timesteps,mean_reward,std_reward
256,-5795.859959,0.0
512,-5794.524804,0.0
768,-5795.859959,0.0
1024,-5795.859959,0.0
