timesteps,mean_reward,std_reward
256,-1.268415,0.0
512,-1.368878,0.0
768,-1.58586,0.0
1024,-1.47761,0.0
1280,-1.922258,0.0
1536,-1.962783,0.0
1792,-2.093446,0.0
2048,-2.236405,0.0
2304,-2.090708,0.0
2560,-2.346321,0.0
2816,-2.441531,0.0
3072,-2.437367,0.0
3328,-2.551109,0.0
3584,-2.56845,0.0
3840,-2.565491,0.0
4096,-2.449789,0.0
