factor,value,cumulative_procurement_cost,cost_volatility,cvar95,hedge_error,avg_adjustment_mwh,max_drawdown,mean_reward,strategy
lambda_risk,0.04,4031736315.638957,0.0,3852182.794973835,228.5880078125,0.0,0.0,-4031.8620585940744,ppo_sensitivity_lambda_risk
lambda_risk,0.08,4031736315.638957,0.0,3852182.794973835,228.5880078125,0.0,0.0,-4031.960370988254,ppo_sensitivity_lambda_risk
lambda_risk,0.12,4031736315.638957,0.0,3852182.794973835,228.5880078125,0.0,0.0,-4032.058683382434,ppo_sensitivity_lambda_risk
market_vol_scale,0.8,4031736315.638957,0.0,3852182.794973835,228.5880078125,0.0,0.0,-4031.960370988254,ppo_sensitivity_market_vol
market_vol_scale,1.0,4031736315.638957,0.0,3852182.794973835,228.5880078125,0.0,0.0,-4031.960370988254,ppo_sensitivity_market_vol
market_vol_scale,1.2,4031736315.638957,0.0,3852182.794973835,228.5880078125,0.0,0.0,-4031.960370988254,ppo_sensitivity_market_vol
price_cap_multiplier,0.9,4031736315.638957,0.0,3852182.794973835,228.5880078125,0.0,0.0,-4031.960370988254,ppo_sensitivity_price_cap
price_cap_multiplier,1.0,4031736315.638957,0.0,3852182.794973835,228.5880078125,0.0,0.0,-4031.960370988254,ppo_sensitivity_price_cap
price_cap_multiplier,1.1,4031736315.638957,0.0,3852182.794973835,228.5880078125,0.0,0.0,-4031.960370988254,ppo_sensitivity_price_cap
