factor,value,strategy,total_procurement_cost,avg_weekly_cost,weekly_cost_volatility,cvar,hedge_error,mean_reward,avg_adjustment_mwh,total_trans_cost,max_drawdown,settlement_records
风险厌恶系数,0.04,ppo_sensitivity_lambda_risk,3742751049.8217344,1247583683.2739115,140501281.59562448,1438696377.613625,1164.7417116184542,-0.516275897645955,-452.1255799743203,14705086.019661378,2304054672.2081094,1824
风险厌恶系数,0.06,ppo_sensitivity_lambda_risk,3742751049.8217344,1247583683.2739115,140501281.59562448,1438696377.613625,1164.7417116184542,-0.516275897645955,-452.1255799743203,14705086.019661378,2304054672.2081094,1824
风险厌恶系数,0.1,ppo_sensitivity_lambda_risk,3742751049.8217344,1247583683.2739115,140501281.59562448,1438696377.613625,1164.7417116184542,-0.516275897645955,-452.1255799743203,14705086.019661378,2304054672.2081094,1824
市场波动率强度,0.8,ppo_sensitivity_market_vol,3738758865.234414,1246252955.078138,140214608.60920995,1436518898.481266,1213.7129942574047,-0.5273704780812031,-517.4100043073835,16396768.881697193,2302239966.753148,1824
市场波动率强度,1.0,ppo_sensitivity_market_vol,3742751049.8217344,1247583683.2739115,140501281.59562448,1438696377.613625,1164.7417116184542,-0.516275897645955,-452.1255799743203,14705086.019661378,2304054672.2081094,1824
市场波动率强度,1.2,ppo_sensitivity_market_vol,3742807003.532413,1247602334.5108044,140634479.88584664,1438941820.0182292,1167.2131185635317,-0.5162957480680478,-451.94467162947086,14713481.39978053,2303865183.514184,1824
价格限值倍数,0.9,ppo_sensitivity_price_cap,3401302622.951935,1133767540.9839783,128088086.37554398,1308237585.7855413,1164.7417116184542,0.05409602440539124,-452.1255799743203,14705086.019661378,2093065037.1663935,1824
价格限值倍数,1.0,ppo_sensitivity_price_cap,3742751049.8217344,1247583683.2739115,140501281.59562448,1438696377.613625,1164.7417116184542,-0.516275897645955,-452.1255799743203,14705086.019661378,2304054672.2081094,1824
价格限值倍数,1.1,ppo_sensitivity_price_cap,4084199476.6915336,1361399825.5638444,152917331.0981755,1569155169.4417086,1164.7417116184542,-0.8384029259819087,-452.1255799743203,14705086.019661378,2515044307.249825,1824
