strategy_name,week_count,total_procurement_cost,total_profit,mean_profit,weekly_profit_volatility,cvar99,max_drawdown,positive_week_count,negative_week_count,min_week_profit,max_week_profit,profit_delta_vs_dynamic_lock_only
dynamic_lock_only,7,8738424448.0,1264739082.0,180677011.7142857,80095897.90905842,3727731.1428571427,0.0,7,0,94111060.5,350721625.5,0.0
fixed_holding_60,7,8789045248.0,1214118282.0,173445468.85714287,78639185.65252136,3685312.714285714,0.0,7,0,87144483.5,341125401.5,-50620800.0
static_no_spot_adjustment,7,8689007808.0,1314155722.0,187736531.7142857,81766659.84398685,3770644.0,0.0,7,0,92451028.5,359741337.5,49416640.0
simple_rolling_hedge,7,8710207168.0,1290457700.7421875,184351100.1060268,81569819.53932208,3748183.3571428573,0.0,7,0,93845225.65625,357575471.046875,25718618.7421875
