{
  "theta": [
    0.9850959746883309,
    1.0,
    -0.9768639131673106,
    -1.0,
    0.994273480195044,
    0.9783041294677255,
    0.6719704141677691,
    0.9785556237612111,
    -0.6020209491778636,
    -0.9595634388437224,
    0.6153706622947633,
    0.9445262495662765,
    -0.988042791461012,
    -0.9976292267844457,
    0.9901715296571132,
    -1.0,
    -0.6326557530392469,
    -0.976333495786347,
    -0.9567244388957152,
    1.0,
    0.9149621381879155,
    -0.8453327817093956,
    -1.0,
    -1.0,
    -0.4334131823169818,
    0.21699970684026987,
    0.4091869913061014,
    -0.8934685015132137,
    -0.3371689397596927,
    -0.9740883913847713,
    0.7953082379449636,
    -1.0,
    -0.997974812210328,
    0.9024415614117512,
    -1.0,
    -0.8900548223640894,
    -0.9950795202847822,
    -0.9971271712841452,
    -0.9977426292035751,
    0.9771547466608632,
    -0.9978410996085839,
    0.9551022405087259,
    -0.995772524425658,
    0.997693889958597,
    -0.06977445085260094,
    0.9904801767869634,
    -0.9975916242493683,
    1.0,
    0.9700574071579787,
    -1.0,
    -0.4907440525533561,
    0.9953759987417254,
    1.0,
    -0.12581917760081393,
    -0.9583830592745656,
    -0.9679719287087855,
    -1.0,
    -0.6777341977982875,
    0.9920697966166707,
    -0.6653392597452377,
    0.4470898113418032,
    -0.9342160931895431,
    -0.9974412817866425,
    -0.4961229200695371
  ],
  "objective_value": 1470041029.4410439,
  "metadata": {
    "version": "v0.32",
    "algorithm": "HPSO_PARAM_POLICY",
    "train_sequence_length": 96,
    "unique_train_weeks": 13
  },
  "theta_layout": {
    "upper_total": 40,
    "lower_total": 24,
    "dimension": 64
  },
  "created_at": "2026-04-16T04:33:15.096070+00:00"
}