strategy,total_procurement_cost,cvar
fixed_lock,3644552199.3487573,1474044048.3510544
dynamic_lock_only,3646299992.068846,1474044048.3510544
rule_only,3698975796.53149,1442818321.5815687
ppo,3726229197.9687996,1439629413.7275963
