lambda_risk,累计采购成本
0.04,4031736315.638957
0.08,4031736315.638957
0.12,4031736315.638957
