strategy_name,week_count,total_procurement_cost,total_profit,mean_profit,weekly_profit_volatility,cvar99,max_drawdown,positive_week_count,negative_week_count,min_week_profit,max_week_profit,profit_delta_vs_dynamic_lock_only
dynamic_lock_only,7,8669634816.0,1333528714.0,190504102.0,82486879.48281366,3787875.4285714286,0.0,7,0,91787092.5,363192409.5,0.0
fixed_holding_60,7,8789045248.0,1214118282.0,173445468.85714287,78639185.65252136,3685312.714285714,0.0,7,0,87144483.5,341125401.5,-119410432.0
static_no_spot_adjustment,7,8689007808.0,1314155722.0,187736531.7142857,81766659.84398685,3770644.0,0.0,7,0,92451028.5,359741337.5,-19372992.0
simple_rolling_hedge,7,8642483584.0,1358181284.7421875,194025897.8203125,84046678.11521874,3808334.3571428573,0.0,7,0,91521193.65625,369560239.046875,24652570.7421875
