strategy,total_procurement_cost,cvar
ppo,3667314421.9092283,1430778849.7197278
rule_only,3712384171.6467085,1438113394.5913448
fixed_lock,3734319100.2444887,1487289134.6982782
dynamic_lock_only,3734319100.2444887,1487289134.6982782
