strategy_name,total_procurement_cost,total_profit,mean_profit,weekly_profit_volatility,cvar99,max_drawdown,profit_delta_vs_dynamic_lock_only
dynamic_lock_only,9088984128.0,1144549644.5,163507092.07142857,0.0,2784274.5714285714,0.0,0.0
fixed_holding_60,9126110656.0,1107423116.5,158203302.35714287,0.0,2743179.8571428573,0.0,-37126528.0
simple_rolling_hedge,9143811776.0,1087534103.94375,155362014.84910712,0.0,2721840.1785714286,0.0,-57015540.556250095
static_no_spot_adjustment,9051857536.0,1181676236.5,168810890.92857143,0.0,2826937.3571428573,0.0,37126592.0
