strategy,total_procurement_cost,cvar
ppo,3657918967.889,1460676707.6805258
rule_only,3712384171.6467085,1438113394.5913448
fixed_lock,3734319100.2444887,1487289134.6982782
dynamic_lock_only,3734319100.2444887,1487289134.6982782
