timesteps,mean_reward,std_reward
256,-1.270409,0.0
512,-1.1829,0.0
768,-1.279046,0.0
1024,-1.432815,0.0
1280,-1.533354,0.0
1536,-1.479699,0.0
1792,-1.249685,0.0
2048,-1.181282,0.0
2304,-1.188119,0.0
2560,-1.157015,0.0
2816,-1.135268,0.0
3072,-1.170665,0.0
3328,-1.167601,0.0
3584,-1.120194,0.0
3840,-1.174929,0.0
4096,-1.210512,0.0
