strategy_name,week_count,total_procurement_cost,total_profit,mean_profit,weekly_profit_volatility,cvar99,max_drawdown,positive_week_count,negative_week_count,min_week_profit,max_week_profit,profit_delta_vs_dynamic_lock_only
dynamic_lock_only,7,8543443264.0,1459720481.0,208531497.2857143,60510189.87370708,2724291.1785714286,0.0,7,0,126533667.5,318707952.5,0.0
fixed_holding_60,7,8613653184.0,1389510561.0,198501508.7142857,57957277.90862997,2680772.6071428573,0.0,7,0,110141219.5,302406128.5,-70209920.0
static_no_spot_adjustment,7,8473232000.0,1529931745.0,218561677.85714287,64027283.086682834,2767809.75,0.0,7,0,139038889.0,335010032.5,70211264.0
simple_rolling_hedge,7,8500757888.0,1500406927.9937499,214343846.85625,63110042.30855585,2744345.285714286,0.0,7,0,135272120.925,331318580.9375,40686446.99374986
