strategy,total_procurement_cost,cvar
hpso_param_policy,3613162887.091142,1426707698.28669
rule_only,3712384171.6467085,1438113394.5913448
fixed_lock,3737794173.0801005,1488543328.279734
dynamic_lock_only,3737794173.0801005,1488543328.279734
